Workbook

Sheet Readings
A1: Timestamp | B1: Device ID | C1: Temperature (°C) | D1: Humidity (%) | E1: Soil Moisture (%) | F1: pH | G1: Water Level (cm) | H1: Motion Detected | I1: Overall Score
A2: 2026-09-08T06:00:00 | B2: device-001 | C2: 24.5 | D2: 58 | E2: 61 | F2: 6.6 | G2: 42 | H2: No | I2: 92.4
A3: 2026-09-08T09:00:00 | B3: device-001 | C3: 29.8 | D3: 39 | E3: 33 | F3: 6.9 | G3: 41.5 | H3: No | I3: 61.7
A4: 2026-09-08T12:00:00 | B4: device-001 | C4: 33.1 | D4: 34 | E4: 27 | F4: 7.3 | G4: 40 | H4: Yes | I4: 38.2

Sheet Devices
A1: Device ID | B1: Name | C1: Farm Name | D1: Location | E1: Crop Type | F1: Created At | G1: Last Seen
A2: device-001 | B2: Field A Node | C2: Green Valley Farm | D2: North Plot | E2: Tomato | F2: 2026-09-01 | G2: 2026-09-08

Sheet Optimal Conditions
A1: Crop | B1: Temp Min (°C) | C1: Temp Max (°C) | D1: Humidity Min (%) | E1: Humidity Max (%) | F1: Soil Moisture Min (%) | G1: Soil Moisture Max (%) | H1: pH Min | I1: pH Max | J1: Notes
A2: Tomato | B2: 18 | C2: 30 | D2: 40 | E2: 70 | F2: 35 | G2: 65 | H2: 6 | I2: 6.8 | J2: Warm-season crop; watch for blossom-end rot below pH 6.0
A3: Lettuce | B3: 15 | C3: 22 | D3: 50 | E3: 70 | F3: 60 | G3: 80 | H3: 6 | I3: 7 | J3: Cool-season, shallow roots — needs consistently moist soil
A4: Rice (paddy) | B4: 20 | C4: 35 | D4: 60 | E4: 90 | F4: 80 | G4: 100 | H4: 5.5 | I4: 6.5 | J4: Soil moisture target reflects standing water in paddy systems
A5: Wheat | B5: 15 | C5: 25 | D5: 40 | E5: 60 | F5: 30 | G5: 50 | H5: 6 | I5: 7.5 | J5: Tolerant of drier soil than rice; sensitive to waterlogging
A6: Chili / Pepper | B6: 20 | C6: 30 | D6: 50 | E6: 70 | F6: 40 | G6: 60 | H6: 6 | I6: 6.8 | J6: Similar profile to tomato, slightly more heat-tolerant
A7: Default / Custom | B7: 18 | C7: 30 | D7: 40 | E7: 70 | F7: 35 | G7: 65 | H7: 6 | I7: 7 | J7: Matches backend/config.py default IDEAL_RANGES

Sheet Live Status
A1: AI Verdant — Live Status
A2: Automatically compares the most recent row in 'Readings' against the ideal ranges for that device's crop (from 'Devices' + 'Optimal Conditions'). Everything below is a live formula — add a new row to Readings and this updates.
A4: Last row in Readings | B4: =COUNTA(Readings!A:A) -> 4
A5: Latest Device ID | B5: =INDEX(Readings!B:B,$B$4) -> device-001
A6: Latest Timestamp | B6: =INDEX(Readings!A:A,$B$4) -> 2026-09-08T12:00:00
A7: Crop (from Devices) | B7: =IFERROR(INDEX(Devices!E:E,MATCH($B$5,Devices!A:A,0)),"Default / Custom") -> Tomato
A9: Metric | B9: Latest Value | C9: Ideal Min | D9: Ideal Max | E9: Status | F9: Score (0-100)
A10: Temperature (°C) | B10: =INDEX(Readings!C:C,$B$4) -> 33.1 | C10: =INDEX('Optimal Conditions'!B:B,MATCH($B$7,'Optimal Conditions'!A:A,0)) -> 18 | D10: =INDEX('Optimal Conditions'!C:C,MATCH($B$7,'Optimal Conditions'!A:A,0)) -> 30 | E10: =IF($B$10<$C$10,"Low",IF($B$10>$D$10,"High","Ideal")) -> High | F10: =IF(AND($B$10>=$C$10,$B$10<=$D$10),100-ABS($B$10-($C$10+$D$10)/2)/(($D$10-$C$10)/2)*15,MAX(0,85-ABS($B$10-IF($B$10<$C$10,$C$10,$D$10))/(($D$10-$C$10)/2)*40)) -> 64.333333
A11: Humidity (%) | B11: =INDEX(Readings!D:D,$B$4) -> 34 | C11: =INDEX('Optimal Conditions'!D:D,MATCH($B$7,'Optimal Conditions'!A:A,0)) -> 40 | D11: =INDEX('Optimal Conditions'!E:E,MATCH($B$7,'Optimal Conditions'!A:A,0)) -> 70 | E11: =IF($B$11<$C$11,"Low",IF($B$11>$D$11,"High","Ideal")) -> Low | F11: =IF(AND($B$11>=$C$11,$B$11<=$D$11),100-ABS($B$11-($C$11+$D$11)/2)/(($D$11-$C$11)/2)*15,MAX(0,85-ABS($B$11-IF($B$11<$C$11,$C$11,$D$11))/(($D$11-$C$11)/2)*40)) -> 69
A12: Soil Moisture (%) | B12: =INDEX(Readings!E:E,$B$4) -> 27 | C12: =INDEX('Optimal Conditions'!F:F,MATCH($B$7,'Optimal Conditions'!A:A,0)) -> 35 | D12: =INDEX('Optimal Conditions'!G:G,MATCH($B$7,'Optimal Conditions'!A:A,0)) -> 65 | E12: =IF($B$12<$C$12,"Low",IF($B$12>$D$12,"High","Ideal")) -> Low | F12: =IF(AND($B$12>=$C$12,$B$12<=$D$12),100-ABS($B$12-($C$12+$D$12)/2)/(($D$12-$C$12)/2)*15,MAX(0,85-ABS($B$12-IF($B$12<$C$12,$C$12,$D$12))/(($D$12-$C$12)/2)*40)) -> 63.666667
A13: pH | B13: =INDEX(Readings!F:F,$B$4) -> 7.3 | C13: =INDEX('Optimal Conditions'!H:H,MATCH($B$7,'Optimal Conditions'!A:A,0)) -> 6 | D13: =INDEX('Optimal Conditions'!I:I,MATCH($B$7,'Optimal Conditions'!A:A,0)) -> 6.8 | E13: =IF($B$13<$C$13,"Low",IF($B$13>$D$13,"High","Ideal")) -> High | F13: =IF(AND($B$13>=$C$13,$B$13<=$D$13),100-ABS($B$13-($C$13+$D$13)/2)/(($D$13-$C$13)/2)*15,MAX(0,85-ABS($B$13-IF($B$13<$C$13,$C$13,$D$13))/(($D$13-$C$13)/2)*40)) -> 35
A15: Overall Condition Score | B15: =ROUND(AVERAGE(F10:F13),1) -> 58
A16: =IF($B$15>=85,"Conditions are excellent — focus on maintenance, not intervention.",IF($B$15>=65,"Conditions are good with a few areas to fine-tune.",IF($B$15>=45,"Conditions need attention in the next 24 hours.","Conditions require immediate action."))) -> Conditions need attention in the next 24 hours.
